{"ttft_ms": 11.932887495000614, "total_s": 23.173771878995467, "tokens": 30, "tps": 1.2945669853249817, "device": "cpu"}